"address","name","symbol","mc","liqPercent"
"BFek4xVLbyW9w2cfcuFxh974f7TtAjWWjJq2kSrgthGL","SWIFTIES","SWIFTIES",248900.8246606263,0.19989827090519646
"HcAFwz9HRkS5EdZUi9ZsKnV2M2N5XbKRHeytcQ3j6VRx","pigeon","FLY",525871.6760800595,0.19984838002161232
"Bkd4k5nLA6Aq7PHLJUFnWGSyWriyT2fcKbADScaBGwJy","blep :p","$blep",369791.1455695695,0.19975716476718328
"DXBYAw9aQheMdujaLZYnVSpKSK4n8jMS7HfLbiv5RWnS","Bretta (Brett's Wife)","BRETTA",110165.04660430641,0.19944736982860467
"53yANribNp1WzRsciY6upAN2VPY85waZEtADTeJhtQGN","Samurai Cat","YUKI",557158.8851707644,0.19880464759695332
"D9mFkgnZHnQGRtZKvnJ44yvoLtJmfBZRahXiUKcAzRE4","SNOOPYBABE","SBABE",165016.04176971578,0.19829863527712896
"EzYyFvUE2AepSxbtdDkkq5rWpN7bXhYzQphZ2gF4Y24R","Boxxy Coin","BOXXY",1303210.4405697999,0.19797673847753663
"9jaZhJM6nMHTo4hY9DGabQ1HNuUWhJtm7js1fmKMVpkN","AMC","AMC",4507078.129004968,0.19780796314661497
"FeBg9Utf5wFa2PsT6KnJ6uitvWtfc87R38wmRnxrNMiW","SENK","SENK",103369.3588763382,0.19728352006213284
"CyUgNnKPQLqFcheyGV8wmypnJqojA7NzsdJjTS4nUT2j","kith gil","gil",669519.9862132269,0.19721153083133655
"gr1qPTo3tpMAxt59BftQo2uSfRHRuUZJaWLhR8ADtwz","SolDocs","DOCS",435708.6107484976,0.1970676091471475
"FunEaVysxMdrCvyspzZx9onqUG1o9ghj65mpzybAD4AU","VINE","VINE",206586.046429411,0.1967363659194825
"A6rSPi9JmJgVkW6BatsA6MjFYLseizPM2Fnt92coFjf4","MAGAIBA","MAGAIBA",317584.30000813695,0.1967097816263803
"2JUu66PgkAL8Bpm95BjkYVY5n7jxXrdX8HrJXCLR9sq8","true velocity","turbo",569396.7863752887,0.1960739309944374
"EigP5GGEc6NepDW6ij6NCkE4uSpBkSd7Yo27De7H9bAd","Are Ya Winning, Son?","SON",161454.51990002242,0.1960270298456922
"6RXczLRgSn9SrjsYUchYHmKxm8nmoA46nQpY4LRPQXjW","The Doge Dog","KABOSU",219160.7761664737,0.19525873766868992
"H2dVGQAPaKW9KQdivgg21g8iDEvpgohXjuxADNfxbMjT","Tremp Cat","TREMPCAT",157878.2041924818,0.19514629956391064
"6R7iukfSN8fMwJhtz3mmcSjV4yAmVikCHSs3hSdbuLqY","Wife Changing Money","WIFE",245532.70504127597,0.19508582011898654
"GzWP5TSam9VBdPx2bA4US2E3sX5pP65JMZWCyYFY9ZbF","Andru Teit","TEIT",301660.9934428211,0.1936521482884776
"BT8NK8R1dnGbpqVFNCzScUkxyCwp63K6eYVAAhY5TezV","dixi","dixi",148690.0194219947,0.19349266179700844
"E7dvtgzBWyuAnAHnCobW6WBbf2o76kMgedcH5fsYRUJu","dillwifit","dill",244003.06417838234,0.19332130357264415
"GtsAtWXDTyi2vPYd6T1evRmvwa3EdqygDu16NzDSL8SZ","Side Eyeing Chloe","CHLOE",124191.27808114189,0.19329939686910771
"HUdqc5MR5h3FssESabPnQ1GTgTcPvnNudAuLj5J6a9sU","BONGO CAT","BONGO",336442.5842299637,0.19315904983430593
"GPJRKb25amJfG1by8WwdMqCT525iZku4fgaFBYAouvin","ISRAEL","ISRAEL",128739.54109640987,0.19253600846974847
"4fBpDwhKYmzvNMZrZnwWjqpvrmfoMtvQJZ98TiHWFGvK","Pot Dog","POTDOG",297886.9962396759,0.19208689043728625
"G23Trzna1HLDzEio7af86Y7FVTaDPEdjckMzDGDJcbDQ","Costanza Coin","CSTNZA",303480.6414365307,0.19156002998159113
"BLuHJzEeGceacAxVJkppr9svHtxG6hXxgUHLiFCtbiig","peperesident of the pusa","trumpe",384673.74080234003,0.1913892975042469
"2g4o5LLBFr2JHjwLveRFA8aeaHiX4qTjCmmcSBZCqEGa","BlinkyInkyPinkyClydeInu","$BIPCI",152754.15873013152,0.1913276842495203
"DaVfrMmz1qbHkf2m1LFyy3up9HiNA8xkHJcaYdmKuKeq","MSLSD","MSLSD",367463.26790228236,0.1911386861590373
"5MBBsoCVddAuF8XixvCcXNbHAw6WfpZ8WyTKMmczxxRN","SHIBA INU","SHIB",391136.46083628753,0.19094629380691397
"29xJEmh5sMo2DqapmcK7UardZP4B88qJZCZ2BGwa3mJ7","SOLPACA","SOLPAC",275250.4043249881,0.19093434585520555
"AMdnw9H5DFtQwZowVFr4kUgSXJzLokKSinvgGiUoLSps","MOONLANA","MOLA",246626.69406384815,0.19041378342773077
"AdkfUZw9qqRwjDZSVr2imbNo8vhY8BDkkBa8YUDT5Djp","Palmy","PALMY",426730.0346736348,0.190283679226734
"CaLKuP9Pbf8bQHVQkgEQZqoh56zsScYJCPMA81jn4yHa","Magic Internet Cat","MIC",260309.50637165795,0.19018491780409755
"H62RR5bqqv4J76W4Zp4CMq8dn5Yyb5Movwaei4EhBS3q","Dogecow","dogecow",359286.15745130397,0.1897047466882836
"4QYomLMUbPaqrqRuF3LBbJjE1g1LrE9XMoU4KMuejiJ7","Bonk's Sister","BINK",198638.15242983188,0.18969277693019873
"Ehk7QXFVqHkyqSpcfmUTCm5mJ9wE5b2axkC6Emcv7Qh1","Mexico Coin","Mexico",133412.19784362667,0.18835040895052363
"7192XhbzmrUJaei8dgGmmTs8jP6qocNYr9rLYkjqsTEJ","radcat","RADCAT",429785.20575442933,0.1883369699704202
"CkSFj9MNEfWffXPuJxfcWRWdqHYUMAcvuUdJ7muSLCKJ","DogeBoy","DOGB",738197.3737319018,0.18824793106700552
"4xmf5YBugazzgeNr9xiHvHSPgusQqxY6HkJRQLqVPkac","Wurren Buffat","wurren",131266.730052161,0.1882200898551303
"8BWU1BD9PtF27VBAxfNUGKkH1P2fcABYFxtmNhtVvuUx","HENTAI","HENTAI",144651.720451679,0.18817236133087928
"2SsU91ZE2dni5aD8i7bfTR4Bvf6UcGFBbLsvDucWUdw3","ket","ket",114994.49891667951,0.18771339021777061
"PouWaap6bHZv1oT7T7rzRgQHTBD4nsWQRHGbB5hfDA6","POU","POU",822004.1632570742,0.18734983271598216
"FLrgwxXaX8q8ECF18weDf3PLAYorXST5orpY34d8jfbm","Chinu","CHINU",1107229.383545681,0.18734773964754836
"HLKDJJsnHnHyYfJfkfJ7QPas9cEFqEdaC4x9oBsD6Nod","dogi","DOGI",232686.72744789848,0.18729539155681407
"HB2pjBPuquh1XGEVC1GCKepdh4daoJnkJiHFmaorfBWu","Milady","Milady",289686.2733904822,0.18720019907379054
"Fo6tfAkXj74X6j8hati8SxtwZHHcdGeqXVUPLP9Abvqu","Wally The Whale","WALLY",607685.600030378,0.1867584076949461
"DoyVgrZbkAVMbTVGqa9mFNgjThsr337vxjFtEDWQibN7","Fak Nous","CNN",203743.29094604414,0.18671421650794462
"2Qdakf8jBhM1XcTnzfjoffwqkvpkz5Xz22G8nsobnDeF","Conan","CONAN",151743.41865154667,0.18655824985245237
"6Gp2X7wepNNN6odUo1xpKxZtJALp8XwhknDikaC1VgCB","Purrito","purrito",121469.59713002166,0.18642636971119073
"2WRA42G2WNKrVKyiCuATMCFvmJw6qwQGMyEhuc4ugL9E","Tang Ping Cat","TPCAT",391370.73498114524,0.18633497311883995
"GuVoE2qAS3DHaAGSeuZfBkbLjFXfP46DFbogbrVJNHfN","Italian Coin","ITA",349557.10267812276,0.1858355161173392
"Ez3nzG9ofodYCvEmw73XhQ87LWNYVRM2s7diB5tBZPyM","Autonolas (Wormhole)","OLAS",621195.7466615045,0.18544478476564571
"EyVn9ZW86b7FMVThMPjswEjac3YqrLWkzeVZn3nRwt5c","KABAL","KABAL",798960.4384542588,0.18501064611632462
"DVzrCErBzydh92bBzSJX1dKwVvb4omwhrvNz8CwRyxxV","Andrea Von Speed","VONSPEED",634058.4598744602,0.18468027070821622
"7f94zk1EgfoeG57Vj5FtDDjMmPNHM4DYs7KRiyd2T4bA","AWKWARD LOOK MONKEY CLUB","ALMC",147654.9948198569,0.1846766132034448
"6y56NYaUtKtjT5LKrVvZ3rsLnKyQ96phU3ckSARUkNax","vledemer puten","puten",103970.7648340064,0.1846036576691105
"HhAcs9JjcveM45FG2Zi3JcWAomra3QezZ22mVvr7zPSE","BRASIL COIN","BRASIL",396989.3172295333,0.18450995279398158
"EHCwJQi8dSpZfKm4LJypzozEj5vAN7pESRXJGpESKMfJ","Japan Coin ðŸ‡¯ðŸ‡µ","JAPAN",512174.525898509,0.18358125507113007
"25hAyBQfoDhfWx9ay6rarbgvWGwDdNqcHsXS3jQ3mTDJ","MANEKI","MANEKI",82435874.1860967,0.18313068944793115
"2CMxmFb2nsNdw351TfZoawpN1DnDuVrH4Wn6fxH2EJT6","Barron Tremp","BarrTremp",370034.97236725065,0.1829505124721119
"BYioszugAtcKvg47bD9qXedZYvQMaG44xCeY97Fo4uu9","Guangdang","DANG",245946.56279634763,0.1827214335716118
"Avp2VDgnQqxsnrjtq3ynNhKCfWGEGj1PmGLY5ZmgonjH","Saudi Arabia Coin","SAUDI",308183.90860786266,0.18239213612226451
"ECutGg12PNhqhkvnH1s1FcuXgCDzKDNhSf5aLtANioR7","Apu Apustaja","APU",214775.42312613208,0.18182311459920716
"xxxxa1sKNGwFtw2kFn8XauW9xq8hBZ5kVtcSesTT9fW","Solanium","SLIM",23853059.932712674,0.18122751905287507
"3GrjRD9pgoB2ZJSB2dghaaHKLtFHNQR1x1pz9HADPhFP","Kawaii Trump","twump",402703.90545872966,0.18102206522854794
"HJ39rRZ6ys22KdB3USxDgNsL7RKiQmsC3yL8AS3Suuku","Whatâ€™s Updog?","UPDOG",747981.9272363855,0.180313909065299
"6n7Janary9fqzxKaJVrhL9TG2F61VbAtwUMu1YZscaQS","Ansem's Cat","Hobbes",4241641.76290209,0.18001691368816675
"EtBc6gkCvsB9c6f5wSbwG8wPjRqXMB5euptK6bqG1R4X","batcat","BTC",668622.2973830714,0.17977228166536594
"KdF3kjqSHbWXFstBLA2dccDxuNBi4o3yZqtMhB7k5dZ","ApeWifHat","APEWIFHAT",1554726.3197277037,0.1794586973046286
"ANbJbc2vHoLpqXPiHqCPkVKBtfPEPkSrboUdLSxgS6J9","Stanley Pup","PUP",345223.58152009355,0.17936983467565581
"ARdZpamGpboF35i5Vb94wFPAe1kNgSnqwrMKkcXgdoQM","$BLIMP","BLIMP",423048.3165640333,0.17933930191318798
"8RGy4BZUEkW9dc2UEZ3QHYYdas66X63vazdZJezGJw5e","bul","bul",869543.0659122675,0.17893785043983254
"9ZoH3ssTQBJNVidsLo49q3buDidreiZc9g3NeETP3F2s","PONZI","PONZI",349312.7309125459,0.17783616093978852
"7zBbQAPGgoKvqcK74Yua8qGwEkEjAZxUPb5m3kKvvHyF","Wall Street Baby","WSB",577837.4686505642,0.1769871198860235
"31iQsahfa4CMiirU7REygBzuAWg4R4ah7Y4aDu9ZfXJP","Solzilla","SOLZILLA",908228.1671383469,0.17661365225326406
"t5cSTUSZzUAQXQKzQvhieFG4Hz4xC23z9du1Chp8gES","KORRA","KORRA",608473.8232593668,0.17650846389879626
"BMQZzVJa1X5cBYc8fCRVbWuFC4czA1s5GE3HekWfuhjz","burek obema","obema",570166.8750195856,0.17603022359899903
"DEhDXhtUFuz6Uodhde3rznGbVbdiECahp1kTHnFpsna3","Odie","Odie",1311818.092875772,0.17573030654653302
"8uz7r3yQq8xnwBfWCoQGAftyYKgUz8wMQWod884nerf4","SpainCoin","ESP",411190.41521619464,0.17557338513756351
"9bxaVJmUwSc71j8Z2pvUL3UAr1s5fCnwUpvYhqV9jtmw","Mewing Coin","MEWING",1233107.9146394723,0.1752571756253703
"CDW5fC3Fp69Km6Kg4xTf5SiFqP3B24wt2SVK9GwG6LUs","Dildo BagHands","DILDO",190638.42110557322,0.1752134964243564
"Gv7sW9pe9khuPjCYmRUTmHNAFm8yWDJVtDVyA1DExqr4","Pigeon In Yellow Boots","PIGEON",280366.28785189166,0.17504468673716497
"EVDoPXkWNRMc7fQirg7emNdc17KNqsCyzVi4mWPmDvni","CATVAX","CATVAX",3361653.9001060897,0.17482243014013157
"SNApmcWQqj3Ny2YFkQmkELQnNgaXRu6KmnYSPiFZcLn","SolSnap","SNAP",1326520.0273258835,0.1747383377120718
"A53BzB7297SXdF6mguQQ8kzqjVYt8pUeHW5m1i8pD6hf","anon coin","ANON",597303.2575497879,0.17463926940391156
"4vqYQTjmKjxrWGtbL2tVkbAU1EVAz9JwcYtd2VE3PbVU","Anita Max Wynn","WYNN",4439939.139048008,0.1736320492395962
"J8cKU4pD2NTSovvV5XghWHQiJy5TTEzgSyozorxz6ax8","Solordi","$SOLO",2412738.8008443927,0.17303703205797927
"J4ywFdm8H7hjwKzCaEQujhkDRfCnRviVnHMvFNDAoLNQ","Soul Scanner","SOUL",396547.5257072549,0.17177131610589805
"CuT9K2gHd7ShPXhGxpXUYz5L9EQJ94tRW3c8Yfzowo34","hog","hog",104134.7883922011,0.17176041059095173
"6bPFbxgpsFZg6WDruj7vrodq4GY7K7TmqUnAm1byu3PW","bon shatiro","BON",252173.8591217781,0.17135555827340332
"H1aN3vcvB68eaFPbMkoAss3vnfi4AhP5C2dpnrZzdBc7","Myra","MYRA",2146830.4664779166,0.17127186229009234
"54gCkTZSd3BLCaLp6LVvUYKtg4zVEyQ7o3cRDBmp5hnP","NANCY BULLOSI","BULLOSI",131066.70892608954,0.1711445395225401
"46VJ1epaVn3zT8k7T1558hr2cKhD345qw9QYGgVTGjE7","MemeTV","MTV",488492.01766519627,0.17105911593491552
"6dyYaeXz69eRNUtKGcEq2gaxaWxVxu8j3TSecFA1KUEM","thomas","thomas",245320.35991038283,0.1705430565889017
"JBUq44EqPxpM6PAZG8GptpUBLxE9okvd4BFgns4Ze5TV","emo cat","emocat",292656.2926390226,0.1699203372199021
"H8cstTfTxPEm5qP3UXgga8Bdzm2MCDGAghJTgovPy6Y1","KOOL-AID MAN","OHYEAH",215059.68956962784,0.169273243334198
"7sEzyEQpcyn1mS6f4gMFpZyfW1jFNpcaSF4fsUupZ5YX","NoBonk","NOBONK",116018.65448844367,0.16893559444501194
"8shTEDxbwvM2C9ELXNHsh8pmkoWovzJ3xgazQFWFapMx","PUPPA","$PUPPA",478712.56056378665,0.16893364516782666
"448qDsnKtBDhGeA4pYsX1t9uQmavxcUeAE7QEfroYJ2a","AQUACAT","AQUACAT",781992.639191336,0.16841435039579883
"4px8A4VFpxWWFoduF37LKw9cAdMXxjbRBCgSJHQLEH5g","DOJO","DOJO",406006.6087385021,0.1681065708899198
"8Ki8DpuWNxu9VsS3kQbarsCWMcFGWkzzA8pUPto9zBd5","LOCK IN","LOCKIN",259754.9559016375,0.1680196094634598
"9xYeZDHEwyuqJmqrTourbFRaxN2qhkYesnz3iQ3FPz4r","ELMNT","ELMNT",128649.87858744153,0.16797722074816954
"5kuqJXVv4pAqCiMko3Bqwh3n97CSr7LjVdcnCKcBB8YB","PoopCat","POOP",457788.33805428504,0.16741060476470604
"6PzAAqShVBAdmigsM2Zq5DWkNVCFeaimiJWcgeTsy4vq","Ran Mooner","RAN",494548.66408382985,0.16729326164242564
"EYU2k7HZ2JwGqXwRcNtiga4QkVaNnKMP5H1rnkcH7D3w","BOOK OF NOTHING","BON",108905.67545458835,0.16728201747629698
"C46fj9922NZWFsjePXNiwAJFWTmhDRrAotVCyjtDxJCc","Wrinkle The Duck","WRINKLE",237140.95485731866,0.16725352440513633
"uu1LWw5Lu6NUTHPE25To6ycyX8Cy1pdVvYAWVFzwe5D","Aprilfools drop","$Fools",685686.1047115943,0.1671769243142379
"CjXMsPZGGvsaqTZAo1pNcp1qckriFRiYJBivHew87vHW","E-GOD","EGOD",383188.1423513421,0.16700969834515803
"Hysb6TsTBG4aJ1tyoo3egij5GvrnxvNBHDi6SDzSGuwt","NIGGOLAS CAGE","NIGGOLAS",154275.19863581622,0.16617559292092518
"31GUGbRSct8MsJJnditGy98xMxowq58sFsZ9CGQRMLT8","BananaCat","BCAT",354783.61082727445,0.1661153823660273
"G9PxreQvKxq8otbsDAyrG2k7UTnMP4jU1NWaVNS8fetd","My cat Bella","$bella",446652.5194487755,0.16555205350753455
"GrbQsodqQpReYiCw4qTGZgpXNVcGr63YhmC118fT7k6Q","Solana Classic","SCLASSIC",234079.69860694147,0.1651176395071581
"G9BJzTJ95J7tN64yv2Wi2sAKwawF8YKXSHTjsEuDy6cm","CocaineMitch","MITCH",112275.56139304914,0.16511652519385667
"3Gjckk5jXnJffBruUS2EEYhpiDEN6z5TPXLkFVHkSkkg","IMARO","IMARO",1077650.1437509179,0.16468408312724192
"6AYT29gsscKvtm6Yrr7Vji4rxptz4LD7WvfPxabDNNia","ManoRuka","ManoRuka",122687.62123027885,0.16454608619995822
"GmEXg8FwpULzVb15r41CNB5qFnRcXCrEyZSmD3X7sv2e","Good Boy","boy",1335274.522380321,0.16438627720445517
"n7EksMkvk3WT5FjQ3HBMLm9XYU3EnoXUSJ7PoWpxsoG","ZAZU","ZAZU",435112.1278216301,0.16403252932762485
"8hN217wBBgRkDiyzabLmSuS95pxX5PFcv3HEM5Ha4ZEv","Roger","Roger",985969.4604519637,0.16376209576277143
"E4Q5pLaEiejwEQHcM9GeYSQfMyGy8DJ4bPWgeYthn24v","Ada","ADA",2367854.352572815,0.16329633289890155
"AfcvNFud8cQPKpCZtW8GBsJqi2LJNztFPu8d4vciveL3","London","$LONDON",256601.56172317266,0.1625007397733151
"6CBm8B8uoCUZWjs9n32BNy4z6LjGj4etBH2X48JWVhzf","BRAH SUPPS INTL.","BRAH",526814.9182978224,0.1618830735492697
"3bSGnqj1GLk5SxU5QEv8cEeLL1rwK5ETZbDxLkoAVPWC","AxiaZoi","AZ",213316.1386148554,0.16167180978770365
"Eb6AGbkhow75fgJshgZEpZN1S3P11GdQRXEWX7pvzka3","Indian Coin","INDIA",265339.94537162577,0.16118203852370555
"6DSqVXg9WLTWgz6LACqxN757QdHe1sCqkUfojWmxWtok","Solanacorn","CORN",1217138.040052072,0.16100735506035638
"2evVcWVLLDstSBJjXGf7WBzFp8GgE58B48uAPvf5UrND","DogWefHat","wef",342667.67396857,0.1606025813754081
"AZ7ABJtSeZoFHhNzWhMVREMgGKZVCN8nEZwQfyZdALSZ","borack omaba","omaba",247737.32699282747,0.16037454662578776
"5RDHUiwLChkKfusxeu9kEDUtRfxsDWV8etoopnZMwVM7","Wall Street Bets Solana","WSBS",2133157.0107132993,0.16026306787105574
"4pPMX85G5t6M8hoKvdsbRDGbMkXxRg1vefcQ7MVjjMKM","Nayeb Bekele","Bekele",196501.36925818372,0.16017097806535574
"921MoB1U7VprQfWw5D37a38LCBgB3nareT7rNffk66BG","Monkey","MONKEY",914158.4608770016,0.15928098064347485
"ptsd3CfvHmt5ZyFeejbeZUukxNjHfPswefgCf2qxTLv","Post Traumatic Solana Disorder","PTSD",171246.94419744972,0.15899295071781439
"aHex97jnStNspT74gsCLWh3zicdgNvRgD9QxBDpHFwA","Faggy Delights","FD",667780.8346708132,0.1589859132909872
"8D1nUMJQam54o34Kj2knFhSTaWoehEr4mBc7LfiDdCqq","Sharbi","SHARBI",891132.703862258,0.15898589750571168
"49ztDWXk7qEfz8Y1t8owmhLhewiA3ptVNPpRGAjRd8Wh","Nyan Cat","NYAN",353832.66240327124,0.1586565062445626
"GKZbA2gDzw3MoxbfRsnrJTNi5uBDrnrz9bq1pNnx6kv","GameBoy","GBOY",295926.42276606185,0.1584263818299493
"A7C9tCbs8Yk4ReKVbfLowCR15crQpxbEqibYdVkauMXZ","Spurtz Centor","SPORTS",211114.3380194585,0.15820174871254283
"5WjrhXBcYsTcn2KvaJv4cuBA5WDuprQVA9YoHYTC2wbi","Olumpec Terch","OLUMPC",518603.06900001457,0.15809572838877625
"n54ZwXEcLnc3o7zK48nhrLV4KTU5wWD4iq7Gvdt5tik","Peepo","PEEP",1472689.151391844,0.15803240108755806
"7hWcHohzwtLddDUG81H2PkWq6KEkMtSDNkYXsso18Fy3","Catcoin","CAT",6735879.431837716,0.15799135695906824
"ACeWC77UeW2DBZMe7YBsuXoxLvk4dHMnPzneApau1Au6","Any Inu (Wormhole)","AI",1226068.4380054346,0.1579897844588847
"7p6RjGNZ7HLHpfTo6nh21XYw4CZgxXLQPzKXG72pNd2y","CHUNGHWA","CIGGS",922351.0809899187,0.15784122654311303
"DoxsC4PpVHiUxCKYeKSkPXVVVSJYzidZZJxW4XCFF2t","Bonk of America","BONKFA",1271656.9012135179,0.15743293571926006
"6fdCC8xfrXNy6PmNaVcxdEY5XNCTAha2V54zYYnmBCey","KOI","KOI",702591.4169950107,0.15742271409113565
"3dN3iSG9SciKQzUS5cdQ2Jphmv4ynhhdfMbEt9eKYsNw","trumpwifhat","TRUMP",980181.0851099375,0.15735526503562614
"AevKaMNh4dLpF3wsfhkKbcdHxgDsgDfoUBtDGUejQZfV","DexWeener","DEX",470317.9228071327,0.1571378063745397
"4icEZCrEYNop2ZaMMCkRHaNzkt6xG9BpijMCQV7mpw6Z","Rocky","ROCKY",2849694.2971528037,0.15712471295427444
"GZJLU4pp7c9eoP8Jf2graLYPyugVixiHWxQfmYNnSZR9","SMOKIN APE","SMOKAPE",119994.29105067889,0.15708309858468444
"791hZNiCJy1qGSGzAvqUU8X6gejiBJ2mBV8JjYoVnzBR","GCRClassic","GCR",604737.5029516257,0.15705313386140118
"APnUsTJZNkxBaZXTzAqFoY1hLtkJhZCPDBEMtoLEEeiM","Oil","OIL",257374.08924006947,0.15692629521716683
"EAvKa9kGRMcQ44Eg3MPbXUP8ZEpfxgd5dToHBRF8m8ui","Pepewifhat","Pepewifhat",1154986.148120187,0.15684473525745385
"2oMYg3aPHjFjxg1PRYLwvdRQayexUS8N4CjLXJ64GkLq","BOJI","BOJI",347324.71035091806,0.15662032577323903
"EUroSPBddnvGhRGWj56S864XWG6wgJ42yLsHSNyAWBj","AlbÃ¤rt","AlbÃ¤rt",198127.37397157424,0.15597386176319442
"DhRQWsiP53gVXnG8KQwq63Uo1FvouRpVNL8536tsVD5H","Phteven","PHTEVE",579786.020498334,0.1559578383014726
"SuFT7yhshUZ6HAcRYdd8YsoY3dDHnhwiA5GgjudALMy","Mecrosuft","MEFT",108649.28292818838,0.15585447201669825
"EjErrBoCw7eWYkMfimhPckaPSuBukyhUYwv2dLJYDWB7","hiji","hiji",686189.1942159666,0.15532281140795984
"53ctv3wwFXQbXruKWsbQcCe7sefowyu96pXK6FRLTjfv","Dog Of Wisdom","WISDM",379741.94843920245,0.15512344297872482
"A5LCTQ1vJECCQWSXJYs3rfCoexctbUgTCAEKDuNye8bZ","gmeow cat","GMEOW",386676.903986425,0.15500587203328467
"9HXewqNjkHz22AKds3JUzFBNguzhoH4cJ4h1EksZyPGH","SOLGOAT","SOLGOAT",1335509.3824900875,0.1545807424514621
"4Y7VTL4RAsUfCetp1KFhfVMxpBwcWesWPNZpoRgZf6aP","Valhalla","VLHLA",385643.0720465846,0.15445621208893448
"BTWvZsjwgnGT7qSM3AAXxjZohCLsMHpdAhaiQMJbBvcF","HULVIN","HULVIN",393721.8588649906,0.15429052744274094
"9dwPiStDBwJJqC3QzMnjpJP7xohZbMVmHELFx3uy3KRq","NVIDIA","NVDA",845948.1489409951,0.1539053384589414
"JoeXBUqpCJbaNLMTDxC6o1sLTYHsLef32ga2RDRF89m","JoeCoin","JOE",192148.07257518245,0.1538772846252313
"3de2yRhtD4VbJBb8EQAQffYMPLU4EnSHT1eveBwiL3tn","LOAF CAT","LOAF",4882390.677865707,0.15382809767182942
"4y3oUrsJfSp431R3wJrWiaLxRPsnYtpkVJmoV2bYpBiy","wifejak","WIFE",804134.5062562732,0.15377024661632244
"acatzTjUeHDT3SoufN6NMxGUmBFtoqFHnFwusdw8kYX","Apple Cat","acat",706227.4560565626,0.1537299348644336
"4cxFF2iHmgkhWqjjbvGvqrCwjSGLTQV1CEZJfgCyrRQw","Sad Ape","SAPE",1494572.4964782172,0.15361503029805565
"BxXmDhM8sTF3QG4foaVM2v1EUvg9DLSVUsDRTjR8tMyS","TIMMI","TIMMI",548418.0840416374,0.15327068328008356
"EaiD1TvwaFavVTi9eroMDcovp1ok1dpRpbrKJmzeHfXM","dark boden","doben",606106.143718501,0.15250920345250613
"chiPiQTvkQ7oPtAD7YLQaEeHmPqXCa2wcRQdwFNneTe","chipi","CHIPI",2106175.2931681774,0.15247840020421063
"8NKJze6oUVRpbpk3TaYHv2se57fv54qMS38bRtnEZqYM","Skateboard Cat","SKATECAT",1387967.2201075887,0.15151149372318154
"Dn7mshRUg4LEq1RfMLz27ViL2P16hn8p12bGBVZsiyak","Gem Finder","FINDER",2328865.0968754226,0.15142311047480797
"BFpchrNVhyTRzMNAg9QkiZfRN2vqRBwcYoTX8qgkbDvm","arab cat","arab",1291122.8297583852,0.15138215157628485
"2VYVwrwSNM8WxbFdPU4KQpZUB9FWCenFFoDqvpHQ7rZE","Jail Cat","CUFF",2201338.3985583945,0.15101612989516494
"DY8G8hTg4mnTmDpzArw5NyzhJAvbjRWr8ZikCyS2XdiM","Mur Cat","MUR",1467253.3476182315,0.1505546871945243
"5ritAPtFPqQtEFHcHVqNjR5oFNUJqcmgKtZyPd2AyLLy","KNOB$","KNOB",888759.4594188806,0.15021607468231254
"3Rcc6tMyS7ZEa29dxV4g3J5StorS9J1dn98gd42pZTk1","MIMANY","MIMANY",2568983.168009423,0.15020261451778372
"AG9yih1Wkunf17yucoNYUacw4LwQugr2vWBPpHA6xz6q","TIME Magazine of Solana","TIME",481129.3733490359,0.14992664589256038
"7MHN9aR3xnPjiKZLsTaA35UaQASFTnRj3bwybdAyJwAV","soljuh","soljuh",239722.38830240484,0.14957798554510876
"4ynyx6BzY2XGFgjjun9Cruj1bSRo8FLsAqNnPsW6jDsu","EGG","EGG",536559.9091898759,0.14922673939585884
"FXdEk9gaoTsT5wnBpga5NvwrPnQyqq69CyFRaCkU1WKC","AlbÃ¤rt","ALBART",543655.7943483958,0.14885267815728265
"J3EEg43NaHQmPCNxhPjFZhsjwa6FJxaBA3pudQFyf4Jq","Not Missing Out","NOMO",113183.60243397746,0.14868134490260282
"Bctsxd5a6jPrF1QwhXsKCPhEXZMWDs92Azr9ypH4VP1W","Siu","SIU",329519.3171744377,0.14861999100258017
"8DjWWP1V1eBVU7Y9THqk2qS4GbucDFzXjy6ipUHuzT39","Flork","FLORK",202261.341837912,0.14799173629684487
"BtphCf15JomZugc5XDdMFveykecykXaf5Q4396KBjgej","Jennie","JENNIE",620656.3692028475,0.14797804883896346
"PFireKhT5WG7axMSLBmMRpvYH7cgHx9CRWHU8F8HNbr","Pepe On Fire","PFIRE",682569.115332049,0.14766994707431985
"G7TTw173myzByiFWC85pdwtoaMXYaKe3WCJpMUpybwnf","BEASTRO","BEASTRO",539542.4963677818,0.14729090119382046
"5RroJ1zrLcX25J7tmwRv5J8FjUFnBWwLnYzyBNvDHrEF","The Crooks","CROOKS",150967.89758474007,0.14729046411051452
"AdufPbyTvuB27HPf7m3zzZ3mamLn5drh4iYFEUCcCcK","Dancing Trump","DTRUMP",202600.6657990472,0.1461889698386432
"G33s1LiUADEBLzN5jL6ocSXqrT2wsUq9W6nZ8o4k1b4L","Magic Internet Money","MIM",1330795.9759824031,0.14576986333237923
"9nEqaUcb16sQ3Tn1psbkWqyhPdLmfHWjKGymREjsAgTE","WOOFENOMICS","WOOF",1360069.7135962604,0.14568649621641322
"3sWrLT3PTrJarvykwhGhLATMzuDBkbh15aquy1Q2QwYc","Jeeter On Solana ","$JEET",607153.8874706649,0.14528510624854596
"3J6ZAHwGvqhCYkBzeMjTBRhC56QnT7zcMPxYV4GAPjxu","AI Dragon","ChatGPT",1335714.3785221986,0.14501779095048023
"DHbCBJVWGTHpiV4WNZ9AajvNkEWKRdu2mmJXYjQj847t","Olympic Games Token","OGT",151244.51137985924,0.1448609929677412
"F47vvwFYuLioQsqEVAjqdY6Yihc8wVRiUcfHGcBR9XUs","el gato","ELGATO",1599947.0218208602,0.14472388983907764
"Dnpy7ZkE1LvhyTC1hmTb8opJ6g9rgt2oRvN8z7y35WRJ","BIRKIN","BAG",517786.7936681395,0.14463698658644955
"FaUKsgcuqAd9sCaFz3if7ia1DasaxVoNPTXWFs2GScWN","DONALDCAT","DC",1798557.1705588002,0.1444111598946992
"FwBixtdcmxawRFzBNeUmzhQzaFuvv6czs5wCQuLgWWsg","cheepepe","CHEEPEPE",4013580.593317334,0.1443621898817705
"8ZFAdscxYyFyW3sE9SSACyAtwFj1cMF8SuVZJbxX3wH1","dogeatingpasta","PAWSTA",236188.73783486072,0.14397299528577193
"463SK47VkB7uE7XenTHKiVcMtxRsfNE2X4Q9wByaURVA","Tsuki","TSUKI",941184.8638462437,0.14283879421646517
"6MMdrc39L3rMZkshRP9WSKe3trSdcbx5ywJmzJBanzqw","TAOSHI","TAOSHI",992039.6816967016,0.14249921257734477
"DZvuAtqMdWzDHMGDpTkRmW2QBxstjCNTcobMDMpVuRDa","COSTCO PIZZA","PIZZA",317680.2601275816,0.14218021173225998
"BKPp73tBDkanhLVtX3qsFV2pWT99GZeMTEA5c1xPjDG7","Borussia Dortmund","BVB",166959.895365123,0.14186422777228788
"HSwR3tZuxQKq8ddz9YxR4BX65Znm6MNdWGURw3x5FJQi","Ham Water","HAMWTR",291891.45698817295,0.14154344133647823
"7zfnQC53eGtn2H6AxW16sGCmKnnUC8ajCwBVZwd7wtY3","Red The Mal","RED",1294976.9339972632,0.14153009500417327
"ACVfEtm574HDNiGxdQYThVNfTJifmgaspzoYbUvo6Yv1","ANOTHER ONE","ANOTHER",130039.59119376261,0.14143989986366934
"CLFR99t87xxRQtEtkWkrGj82BiJ2228h7JPgkLWiZ45o","BROTHER EW","EW",1031272.5689086131,0.14124362379662728
"4eraoD1UBEEHGktucdTQazsEYQowNn27uomTuaYW7iBr","999","999",127508.42443260553,0.14040543478563156
"8wmpeBKVEyUNgXgvWcuj1ccP94Nc7SRLCrFTAYwMHaQ2","Drizzle Drizzle","SOFTGUY",271702.11481849017,0.14025568390883442
"6JiCKgS54oGhHgn3xbQrSj4xag4hcpnnUrb69FynwCfg","BELGIUM ðŸ‡§ðŸ‡ª","BELGIUM",103990.56205360917,0.13993617268761427
"3ag1Mj9AKz9FAkCQ6gAEhpLSX8B2pUbPdkb9iBsDLZNB","Honk","HONK",3279521.218860257,0.13973439966403176
"CErSpNnEHUNsNw3AZJhyvekwhMpr9H3W2S71uA3pzJus","Poot Coin","POOT",219958.47812321252,0.1395365645937569
"AB1e1rTGF8xSoYzXEwNWohuMHLCMrBoaSxT6AARmQksd","TwoTalkingCats","TWOCAT",690296.9089308431,0.13913886086635813
"8NKN1ezeA39J2VFtJqTLwcknYAc6EQeTifhSrAZXWRXY","Dancing Baby","DBABY",135439.52903528782,0.13894472773933875
"FEj9JuKq7JMLtvZF3EetVNd5ufU2vPA4ZDiVGaUbiRkj","Albemarle","ALBEMARLE",852613.0810835081,0.13889530742146042
"3dH1FZwt2b1E3SLBZjUJbuFvA19ETFZ561QSzMnry5uV","Faraday Future","FFIE",1382187.632147508,0.13868658766984338
"7AJ1KjzjstMnQGzZk1HAKx2atmvvRqWvmRbdYmnviryq","Xi Wif Hat","XWH",1101939.6530688806,0.13854661895066964
"4jZXkSNgTQKCDb36ECZ6a2aNzcUniGcDeXgTdtM2HxAX","Bork","BORK",3855914.090192123,0.1380808716631228
"Cz2zMEinK71UgPJYsknSmithE9NZkcxWEY3MFhTGdo7W","BIG NATURALS","$NATURALS",624082.391978278,0.1372108987853781
"2Zaq3WyDJj2ZkMcuqUiTBfAXCjqZtqihxcwUdwv9dyHA","PEPE","PEPE",984679.3462531856,0.13709001039668922
"AbrMJWfDVRZ2EWCQ1xSCpoVeVgZNpq1U2AoYG98oRXfn","Cheese","Cheese",1226469.219249014,0.1370330274347074
"2Pp6ebUvEL9YRTauUTmGTwYZKRfyQXGM9jE4S8WPDtEy","The Professor ","LAB",1701400.5585323526,0.1359147803338283
"7RoVuYRxfBeH9fwHrx8LeLte4uJLBM52UmF4nyh4tNiQ","smiski","$smiski",1137077.508660904,0.13590511459062266
"3wDQAHLuaaotFajeJXpJpNMio3LBhSTscHa8Xq5UwLo2","nonce pesoli","NONCE",309139.6636992321,0.13581407167920048
"7m2TUkpPZCScBhPJnGjWjbh75KkDNnwAdd7i74m8awad","World War 3","Ww3",1723089.2740011178,0.13576088143644893
"6tCpSeeaatDCo4Ue14VhkwM17YjsPCgcxGoh1ZZWwXVj","Tuvaluan coin","TUVALU",1685952.6500340113,0.1349646495259046
"H5FF1eXLC2C863s4AbqxaSpwoQYxbo4UUEjp7zjPNnM","dogondacounter","onda",734943.3420157922,0.13462473850507517
"EKCW975DWdt1roK1NVQDf4QGfaGTcQPU5tFD1DMcMe9Q","Tholana","THOL",1198367.6301191084,0.13393213152751865
"2wPPC8h4ebjPUmC4gcF4ogfGJ84He244GGAxXELmR3RW","Blofy","BOFY",101419.83326386711,0.1336108941490118
"BQZSoYgHhApiyirMW5ZUjDpXg1HBWjN7wM7U8LJZ7wir","Standard & Not Poor's","$NOTPOOR",648296.3542795746,0.13299934575797306
"8KTatZdn1S9bDuWd6diKPpXf2ciCF3P6SDE2oqDaeBoR","Sydney Sweeney","MILK",1911217.5058244348,0.13294976579601403
"7ohSGbjL8tQmaq4Cz9ZqD3J3yo4XeuGpt2DsU9cBA1X6","IM NOT A KET","NOTKET",1007837.2717913185,0.13280528350138665
"3eK9Hp78fLYrhvhAMsakPYZ38sm8NfQj5znQoGWHHzQC","CATSTER","CATSTR",705424.2414610696,0.1325624925896751
"3dyp4dThuGGW42NmggrkrbsGWsHqGfNArojfNjpRVGi3","Nika","Nika",1830365.4740948936,0.13231000311111502
"RUpbmGF6p42AAeN1QvhFReZejQry1cLkE1PUYFVVpnL","Epep","EPEP",1710550.741323904,0.13223036101637753
"FPymkKgpg1sLFbVao4JMk4ip8xb8C8uKqfMdARMobHaw","GrowSol","$GRW",919660.2027409313,0.13210207645456487
"AwRErBEFGTnohzfLeRSBH9HddQEy2oeRxnWLrbvFFh95","TRUMP","TRUMP",2575074.9672849276,0.1313184861970967
"DR7ACU7qQ63vD5fAZWQrNqZwhX3RQecD21oTLzSEb5E1","zoomed in dawg","DAWG",133988.4190332867,0.13077250618393654
"54TySCyfszZqw1x7WAUp7XYa6Q6i2siqZJ4acwKMfDJk","Solkie","SOLKIE",246874.04232067568,0.13030581414292974
"Bx74hpFiaiBbSonrjyqxjGfAA7gRxM2CeKiy31uN6biR","gomu gator","gomu",1495367.7779497884,0.1297875283474006
"ULwSJmmpxmnRfpu6BjnK6rprKXqD5jXUmPpS1FxHXFy","Hege","HEGE",4004149.604742384,0.1296598519446587
"3wNmRxyZPzDWVAydsF3VuNKCNk89A8uSo7EzTnubDJcR","CoolCoin","COOL",2374115.9243605593,0.12959965132318918
"Dnb9dLSXxAarXVexehzeH8W8nFmLMNJSuGoaddZSwtog","cok the cat","COK",1147066.790293434,0.12957665941445518
"EXA537HSBVpsFijENbt6Muuy9AADUN8dUmYKD4oKbjJE","Eggdog","EGG",2258570.0596964746,0.12952530304754156
"9tzZzEHsKnwFL1A3DyFJwj36KnZj3gZ7g4srWp9YTEoh","ARB Protocol","ARB",475318.9543677496,0.12898086419636257
"HnKkzR1YtFbUUxM6g3iVRS2RY68KHhGV7bNdfF1GCsJB","Kamala Horris","KAMA",352170.2432475551,0.12827848206017767
"54jVZGHyWURX5evBtZqUsJjwoKzcZJbVokDU93AUZf2h","Solstream","STREAM",1304471.897390467,0.12794609614451574
"HeqCcMjmuV5s25J49YiJyT6bD5qWLkP88YPajBySniaV","Ponk","PONK",469836.77484379546,0.12787896214233466
"68eD7fdMVEqKDev9jChsBxtvg45XF2FKsnVRfDTpxCkK","JackTheGoat","JACK",786926.6000854628,0.1278717426756279
"Bhyx3LG8hZDpePPH3G8SfJgRFpk7kMCnqhVtv3E7fn6e","Cecil The Lion","CCECIL",123322.56537264965,0.12772268555867688
"9Zhvjcce3kHbYQGojybM9GbtE76rvoMJM36egCcmPs2s","HOPE","HOPE",203324.62654752497,0.12747643209002055
"bsAwuVJMPAazbQSVpPQND69mvwftQutZhxpWqsf2BUE","BabySol Token","$BABYSOL",1258906.8614875325,0.12722998959296156
"4ABXJEK62bfKqPiCbSsUtmb4nfkCNPDGtvLhwQcAWNjc","reeeeeeeeeeeeeeeeeeeee","reee",1394729.006934846,0.12714992601708036
"9gwTegFJJErDpWJKjPfLr2g2zrE3nL1v5zpwbtsk3c6P","A Gently Used 2001 Honda Civic","USEDCAR",6577528.542259963,0.12711897019553178
"8CmHC7Y2715VFaMkMZMwWDqRYQwPLAsM57Xiu3Ho4TjG","DOKI","DOKI",239492.26750525285,0.1269691129221693
"G3q2zUkuxDCXMnhdBPujjPHPw9UTMDbXqzcc2UHM3jiy","I CHOOSE RICH EVERYTIME!","NICK",1245646.229913461,0.1267471708870034
"GoDCaGctsLDnkV8T6jBAfTeMj8DesxT71CkZekV5ZXcf","Guardian of Decentralization","GoD",2995197.1399953593,0.12674713775743413
"7rx8j3xEbQSrJUdrp3x3VxUT6qGPM1KQR6d4UuW8tdwU","DiCaprio","Cheers",1249668.77939097,0.1267372263286905
"DWgKJoaDHsN6AK5i4C2TyhGFE9EDVxa2FU52qj9rBmZp","CHULO","CHULO",137213.15130193692,0.12573572012910622
"7NQSHjuEGENZDWfSvPZz7oP2D6c5Jc3LjFC6uh179ufr","ðŸ—¿","MOAI",2418715.1134091835,0.12480540000100881
"LMFzmYL6y1FX8HsEmZ6yNKNzercBmtmpg2ZoLwuUboU","Lamas Finance","LMF",853548.573623998,0.12294133841034668
"EdaG8TKn36DnrXkVrJ3oSR9qw5hrUXrXS21n84B7AdLP","Oatmeal ","$Oatmeal ",520285.0174664468,0.12291123168926099
"2NGCjWG997pz8BNCdA7XrhjfCHK67zYqtXFGbA6wjShv","Luke Bullmar","BELMAR",780951.1292180426,0.12246639638565887
"9iQBkyLKtqRXvb6ARGvQydt1LYgGcTtVe3PTDpWhdPze","Unvaxxed Sperm","UNVAXSPERM",1109786.6767650712,0.12207985929545632
"FdqkvhQNzrj2iEWBTnKvLaegWWjCxNgVkXC5bJ7guPKF","Dino Dragon","DINO",1430669.412889694,0.12197892526770901
"FUTURETnhzFApq2TiZiNbWLQDXMx4nWNpFtmvTf11pMy","Future","FUTURE",484640.7298395132,0.12197132540043211
"GxPy2FUCRNmVZVWGfKZHx3J3nWDmGX7EPxX97GQJhHX9","cummunder boden","cboden",346409.4427482336,0.12190603063244926
"Gjpud3xeAL5cWSLfHQX6m36A4kCBXRqRhsNq8Avrhrz4","PixelPulse AI","PXP",400324.14239557466,0.12147752599090088
"6yiDKPDbqWLGAEBkDvVg6UNrKsLsPVkLbA1TJo4KCdzP","Bonk 2.0","BONK2.0",628565.0537076538,0.12144916272570092
"DV2TCTbENV9xJ14kHC89qd1w2KZB6efvZKHNRpoo5cuD","Myke Thysen","MYKE",333354.06561108754,0.1213883531927286
"CntqbF9zzzpw3ESd9riiPgg7Fqq194T6a1BYCjWHCRzj","SolMaker","SOLMAKER",453138.2695523886,0.12070833791850978
"T1oYbAejEESrZLtSAjumAXhzFqZGNxQ4kVN9vPUoxMv","Daumenfrosch","$daumen",1671783.3596723264,0.12065323525340697
"AeH2QVrVgpZzkEXH7PVNaGVZF4d8Qn1RtToUzCEB3UnG","Pigga","PIGGA",1120674.4876378418,0.120569540941721
"Cm4Y8hwkpiBgooqkKunbeooJcbbSzvGmPKQq45FphRKR","TRUMPWIFCAP","TWIF",293743.395265858,0.12026752760493412
"JD3S1oqnjG5trRTZXpLmKnS7LsKsppyFa51rPBBMWogv","Caprisun Monkey","capri",1380769.9946117385,0.12013885443592359
"7vQdgLtR2Qo6MBotkKVmCKfw83fGZkFQLR3Cj6X3ZRF7","JIZZUS CHRIST","JIZZUS",384963.3250019341,0.11963436529436879
"mfFgrg5TeuAWT64UvHXFQTZ7YPBAdkLfbbWwx46PT5Z","Goerg Fleyd","Fleyd",337347.022518174,0.11960903037409149
"6e6rViDzavLRv56nvZye5UofrKDg36mf6dTQrMCoPTW9","CHEEKS","CHEEKS",1278879.8922850592,0.11911551247064071
"GyN5LvPrVvZJcVxNRXi7RDbp9XgRHhpyhUkJiyaWNPHW","WIFCAT COIN","WIFCAT",225762.55140272737,0.11909945457152818
"8s1w3Lrjh2w73V9nCCEnh2NUgMqV1cV451c74UDsc5kc","Real Madrid FC","REAL",347956.3349198805,0.11872471339080794
"H2ZpBXtzk1DaDTzsoXqMhjN6Bd3qzgefHjUZ1e2zuwAe","joeing737","jeoing737",1713946.474207306,0.11850686993252489
"2ZZaE2gNQSPZLEFiNzBewgQhj3wGpx4oDzuAawh4DHBB","BITARD","BITARD",1154765.704813416,0.11807291708035728
"8wYCD3xzLZaYUnTZ3uTTxJEegPfYJPdCWetULw3yhscM","IDIOTWIFSANDWICH","SANDO",138781.1503902769,0.11789198810216624
"WHYoaBumcmxCqw38y2mjs4cVkCBgwiDizbMVvcejmGT","WENWIFHAT","WHY",179426.23747613333,0.11653160946134981
"4XQvdipJBdrb5hUgUrbZPPFmp6BCav41n55dc7KDYW3m","ENGLAND","ENG",1204036.8390055776,0.1158898723239709
"GQpczRwMqsKovhk9Cc9oCCY637emtQzPm8MTVbUWmmM7","Penose","PENOSE",939677.1158487559,0.11555153589553308
"2PF6fXNJ4fVrgFiYmdzVWGrcHUFpWDgLaVd2gmckSfa5","BEEE","BEEE",194388.93185612047,0.11532790736042578
"ub1E8QZjpG97TBqNHSWR87cCSaZUpqxfe97Gmj3kvB8","HEISWATCHING","GOD",140520.71124704278,0.11530251630924584
"4bBxhRezDJDu3uuh1KM3bWetYiAZSauTeUGixn9rmiX9","tert","tert",1060125.2102613659,0.11509665593190267
"EKEWAk7hfnwfR8DBb1cTayPPambqyC7pwNiYkaYQKQHp","Roaring Kitty","KITTY",6119568.269051031,0.11508300111675128
"remiG7sGaHWgrY7o6SXJW5CYi5A7kmKutyJz6x6hUsp","remilio","REMILIO",6746305.707709769,0.11499803077177931
"DWBrTmgjz3ABYGspJqiXMuX6MNEc7AqxuaUufqrDELmZ","Shocker","SHKR ",683910.0147655647,0.11472400844640906
"72xMD9BZEEtT7o2C8tXaeYA5QkV53WJ5W83kZKubuCap","Driftin Cat","DRIFTY",1944428.0313058454,0.11455218224916613
"GG6vXeXdXLgbGMsfnYe2nUqfJpXpiNwYqWUezbuU4zo1","Swana","SWANA",878038.2070012637,0.11424607171093329
"5oQMha4WgxDvemCYEHV5zLm2kdP9hVMK6fvwzopqMD6U","GetRidOfMemes","GROM",402478.8211822335,0.11410129557683112
"E2BGnzHdJNUBtAVR7EyQMuEMHqgv65JL8J9ZyqyXUVvA","China Coin","CHINA",3232144.169524978,0.1138517343617728
"AZsHEMXd36Bj1EMNXhowJajpUXzrKcK57wW4ZGXVa7yR","Guacamole","GUAC",19111555.195736814,0.11357292629815122
"DxtssVdyYe4wWE5f5zEgx2NqtDFbVL3ABGY62WCycHWg","Brett","BRETT",3462594.411022506,0.11332113066997104
"F6qoefQq4iCBLoNZ34RjEqHjHkD8vtmoRSdw9Nd55J1k","shibwifhat","SHIB",2812729.7074502427,0.11330508059159547
"F23fFqpRNsmWjuUrFpfM1pvoVvMSpLuN6hY978Y1JXLt","upsidedowncat","usdc",1905902.0932043204,0.11309624886802058
"9XRpjZjhJPeWtUymiEWn3FW7uAnMeQca14ucTWWWyP2g","ArgentinaCoin","ARG",1539063.6350893741,0.11297013749051994
"21A5gxbHKqSPfmgBq5C9KxpkczpM43uiVNbigFV8igRn","SolPanda","BAMBOO",127739.0752366252,0.11286997845593219
"HvQKzBzp1YhXdqDUrUB8fqrfbJ6rU9CytzscMyG7EFAe","ACHI INU","ACHI",891078.179120924,0.11239101956237076
"CxRppbsvfhrZJdnqSo5VDkrAYQMucN8Gbj5J1F5qkrNs","Toadie Meme Coin","TOAD",634832.1685938734,0.11196123087834944
"22xu63UhqUFYgKhEQAcDeiq9E28QiKZ9uwxsHexN9biT","Dog in Croc","DIC",1478710.7702911692,0.11187131742540501
"wo1zgt8rfrYpvdVi4nidoj1SYfcR4pQx69bmNv2JLhQ","JustAnEgg","EGG",5387775.731262443,0.11186907350829085
"FfhArvgv8WB7eZ6qwENMouJRzcVpQVDoDtTuHrCk4Cxi","Pepe The Cat","PEPECAT",414695.7565995742,0.1117257219131747
"C94en1fg5A5JXQ12b6i5XK1kuoUvA3v86vve9gbEcMJs","CATOUR","CATOUR",1695782.7090398285,0.11164745806132893
"9tnkusLJaycWpkzojAk5jmxkdkxBHRkFNVSsa7tPUgLb","Worken","WORK",1876109.29603383,0.11058412425129995
"5mbMpdFn3eSUQd4mAJc9VAahpbVAMdm1JynbA8HMgyWc","Petur Shiff","$GOLD",689452.0772944469,0.11051848790573718
"6bE23pRia6rvShfBhkFiWF5fRPWXyG6EYvoMvvLss91p","BANANA ZONE","BZONE",1559166.8497221104,0.11048176241649385
"22513u2QwiY6xaJn7nVFWGKy3aBdw6WfZsRPW2RRtCKj","Hunter Boden","HuntBoden",2928786.7944061784,0.11037844037581718
"HgackCATyfKcosD652W3y42p5smLrydGMjGF2wSJLkDe","Pepez","PEPEZ",664883.3480250685,0.11017548610704679
"FtHCi9cxJSSizrzMzsPjAfTfJi32V1CGRDM5Skqn4QBF","pixi","pixi",4995254.849999173,0.1099028447626186
"7yqC6J7qxuRzWg1xHHBmcTLG6X1K7Y5DBYB49Ks8nGKf","the keng is beck","CONUR",656790.3373006311,0.10943000548446237
"5wU4tUcAbds7d5cmnGK2otHa9gbayYsD2mhz1reR6c91","Tongue Cat","LUIS",872015.398860082,0.1094260975413533
"H7ed7UgcLp3ax4X1CQ5WuWDn6d1pprfMMYiv5ejwLWWU","CHONKY","CHONKY",11405536.464831445,0.10938955719772504
"7y1TrdzE1cEeCgBvgdNB9DViMYdQ7UU2FKhnPDLYa7ae","buni","buni",2093649.300696187,0.10924868637930363
"MEW1gQWJ3nEXg2qgERiKu7FAFj79PHvQVREQUzScPP5","cat in a dogs world","MEW",312310166.4765277,0.10903279907613288
"7DGJnYfJrYiP5CKBx6wpbu8F5Ya1swdFoesuCrAKCzZc","Melon Dog","MELON",3549357.2380162077,0.1088767778064659
"Fpc2tnmme78kjsttyuSjfUfgB14vk15a3P13P9zZYvov","YUGE COIN","YUGE",1483323.9140500012,0.1085243413490269
"BuxH23osRyFFLbWG3czrTsfBQYbxzVZ8f7QV4cjTHN5x","John","JOHN",1280480.195882931,0.10815739207602829
"BMWUxm3JJrYn73rxYyfuAsmZZwpG7tGiDr5Qs2VYtGzZ","Mike Tython","$THAVAGE",516127.1596080879,0.10781741025978031
"6X7XXRb2bfoEogRXHBEDxPeyKVMPSNaQd8uCTU3biTqQ","hillury clinton","CLINTON",232240.20413576474,0.10761912943705
"Ffjrfw9phxYYpQc9fyYq5uRV3K6943Wzo3t9a1L4vfoW","Pingu","PINGU",902637.3866464919,0.10712341924062849
"BYPsjxa3YuZESQz1dKuBw1QSFCSpecsm8nCQhY5xbU1Z","NEAR (Allbridge from Near)","NEAR",139093.34564199514,0.10710691742152281
"EYaJJKb2VDZuYKEWf5TjngFRc43cMgttPuRtcJwQt35z","Blekrok","$BLEK",898095.187341573,0.10650762304036314
"2u98MM7DMtVmNG4iAKRNMtynjmkzgD6fXAzB3wVfhQvg","Lets Fuckin Go","LFGO",2533868.051172012,0.1063925198635136
"65nTNuJGHme4PQvKQyJykKp1bJAkK4A8Q66sd2yBWugf","RIBBIT","RBT",5026129.384787498,0.10613334705402566
"J5neHQubMrgD9B8AhuWyCNp7puScReNCwacGNMrvPPXU","Nyan Cat","NyanCat",819926.9467496749,0.10595106750065308
"sin1uRe1cMCWR7VPLdZrGrvKs8UvKMsGzhvpJLg4Ld9","sinDAO","SIN",1213005.162390402,0.10590967197438401
"GEGQeMTbQpn7fKDe6fjH9iBUdB6XVdEk9KabZbGpboGB","JungleDoge","JUNGLE",6159500.677229021,0.10549120232099533
"FJxaCXiuNAKHPZdUHBV634DkRy3eQhW5cHqetwBzq1yd","The Circle Game","TCG",427761.8459796612,0.10492771430075286
"Eyhi3qZCW1hNgsLtv1geaeDgZJmRFCpEtbjABWfGcGx5","SolGPT","GPT",1497479.4518300665,0.10482372367223868
"4rUfhWTRpjD1ECGjw1UReVhA8G63CrATuoFLRVRkkqhs","achi","ACHI",2560482.515242078,0.10455445252229462
"9MBzpyMRkj2r5nTQZMMnxnCm5j1MAAFSYUtbSKjAF3WU","Zoomer","ZOOMER",1374647.9508504143,0.10408123558663221
"GEdBv2DnES89DvasmZ35TaxP9kBibznYKbacXpoGTEBU","Megapix","MPIX",1016899.9326990242,0.10401628455662519
"CiKu4eHsVrc1eueVQeHn7qhXTcVu95gSQmBpX4utjL9z","SHIBA INU (Wormhole)","SHIB",181424.4445573247,0.10369862081024811
"F42ZqgYHRJ7XgQL3kj61FNgUbSWFYVqRMGTHhXqnuzmX","SolPad","SPAD",1135803.5120646884,0.10363899099397667
"8fZL148nnC168RAVCZh4PkjvMZmxMEfMLDhoziWVPnqf","Nigga Butt Token","NiggaButt",2153231.6026606867,0.10228155520647546
"2VybYGDqyRBA6a6rgtTn4YJK7veimuZ4iJHAhRjM8Tvh","BOMBOCLAT","$BCLAT",590630.3893673063,0.1019805712653348
"6h4ZKWqb9dDW8jaB4d76LNfP8PoRgiSvQLBHnkuih1Ty","MOTO DOG","TOBI",1543441.8269590756,0.10165303703968201
"EjzzyCSiLqjFDprpZj8e1zjXmcTG5HPGFRSEoWcJWHh9","INBRED CAT","INBRED",1087640.1023038377,0.10115496473350993
"HodiZE88VH3SvRYYX2fE6zYE6SsxPn9xJUMUkW1Dg6A","Cat in Hoodie","HODI",755662.4302769516,0.10069679167720946
"7UAzn8R4mBfG1foqyL1169Lzd6cSWXYSLQFXYHzsiNQG","LowQ","LOWQ",410940.76687872835,0.100496280274243
"EWMfSJgDCE7CXDAYz3hbCaA7NsFHTnddySXx3shco2Hs","STASH INU","STASH",5708354.562314405,0.10026100173586057
"EBCrGLbRaDnmpDPv2qUvbHUEnhzdjTGL2BU1Xce9ReNo","FkBiden","FkBiden",1358416.742353174,0.10013482324898033
"2nDpiBboQgHcBuRyNwCQzc5fcpxBZKQ1t37pr5aNFczn","POOTI (RELAUNCH)","POOTI",1890819.259917873,0.0996148296114672
"8Ss4dzpptCYo62RJprByMxA3n6bbCd2pgPEDG8ii7YMF","couplejaks","COUPLE",1170471.3439011448,0.09960312478561502
"3XxvmED354933DwSPJuzB7SE9uiWpD1ErydDuhmbFRMk","doginthpool","DIP",1339842.5226384553,0.09952551366770081
"DeaKMzAeZja3Mh5okZE6WUvygLP3Lfuvm6Rg78HqXTz9","Solnic","SOLNIC",2417166.4141456992,0.09946194994495798
"E63CDwLy9Dwr3EptAzopV9RuWoQnn5ZVYEjLWnJX8dCw","Beluga Cat","BELUGA",1003486.5304584934,0.09904983609534551
"JxxWsvm9jHt4ah7DT9NuLyVLYZcZLUdPD93PcPQ71Ka","mockJUP","mockJUP",2542813.458586177,0.09858220875199879
"CPjDhhBpwEsLygNuczKcNwBPgMeni1xLomD48x51MyYU","Taylor Swift's Cat","BENJI",1604751.7350312117,0.09833507203912256
"29ad8JW1YcVT3mxcvxJpe3EzWqXCGD7KaSRWrc3TEMWG","Cris Hensan","SEAT",1457962.6435388944,0.09830956889589434
"9sb3sHSNq111u3tc7xANifDvWMtRFipdKmShfVANV5d1","Trump2024","Trump2024",427094.15325520857,0.09806441000266339
"3krWsXrweUbpsDJ9NKiwzNJSxLQKdPJNGzeEU5MZKkrb","DORK LORD","DLORD",1699852.8472553894,0.09780987381955585
"E99fN4tCRb1tQphXK1DU7prXji6hMzxETyPNJro19Fwz","CatSolHat","SOLCAT",159177.1329031611,0.097053468999405
"Afu8DWguBUfxMegxpbvBdu6K2aBqLXBkffFCBb8eZAfM","PUKA","PUKA",212860.67136163198,0.09638326666882853
"7zLCNxa2MkY2XPyxBuoG6EjS2brVn4sTqfhsR8myHwCM","Tum Brody","BRODY",427936.26772083447,0.09627715783952388
"45EgCwcPXYagBC7KqBin4nCFgEZWN7f3Y6nACwxqMCWX","Moutai","Moutai",29069489.23354228,0.09615360260440153
"EkHr62PC6Y1axrLS7cR8YC4BZeW19mtHxQLCLMrf9vnq","You Looked","CIRCLE",2392053.779480056,0.09605648013843542
"CQSzJzwW5H1oyWrp6QhfUKYYwyovbSiVDKnAxNfb1tJC","Stanley Cup Coin","STAN",16939258.133647785,0.09603713358976508
"8YyYz9ePDjatDHegaS3SabyTmiyVopKLtCTc9YGXx6HD","jurj boosh","jurj",716572.68791535,0.09558263524763685
"DezXAZ8z7PnrnRJjz3wXBoRgixCa6xjnB7YaB1pPB263","Bonk","Bonk",2264959165.4621677,0.09545090200171542
"GHnCNQhXLnds6wUSENXzshHQya6wEq4er2avpevG4hSq","Ackbar","ACKBAR",1726854.8620129135,0.09529460593583247
"AbBEjBdz31yCb9gTFfWgEi7uprCzjTEKL58xqHVbbjhu","ju rugan","ju",2121492.17510984,0.09520712176528144
"2fMfM7XYpKrvcHmDVYmoEmXFMCuW9VW1SMF2Hctdvv5F","NAZDAQ","NDX",633623.7985494143,0.09425032546171173
"3FoUAsGDbvTD6YZ4wVKJgTB76onJUKz7GPEBNiR5b8wc","Cheems","CHEEMS",5191977.329496472,0.09408047127402776
"ARt4N4WY4PEdYUuBG7qENwuYSSiQUqP1RXFiahhwfzH9","EGIRL","EGIRL",1750310.4961396174,0.09386784889665653
"F9CpWoyeBJfoRB8f2pBe2ZNPbPsEE76mWZWme3StsvHK","Pepe","PEPE",3730773.2290241956,0.09368023353146511
"GRFKaABC518SqXMvBpAVYUZtVT3Nj4mYk7E7xU4gA5Rg","Silly Goose","GOO",2963609.1016183547,0.09341477355885414
"GWkA9fwAtJDb8BfBAabRY3w7x4jQrboLZd9iWH1v7yuB","Fuck Eth","FKETH",2435115.559496782,0.09309386038804449
"AUgdt7wjBifF9vZpde7BjU6HLroCYh4SUHYc7yhheECW","Kitsune","KIT",1473281.8946972308,0.09283642146951415
"6Ra49aqZTbEurJB1UQgAj1TjvbqajGP5um7gsTym8tWm","huh cat","HUHCAT",919365.3712733161,0.09264386564551197
"8ygQonfsFzuqS5omS45pbEnuteJVoFKobPp1hY4BT7VY","Dogbot","DOGBOT",959394.5218408766,0.09259059066852894
"BNT4uhSStq1beFADv3cq4wQAVfWB392PjAaxTBpNeWxu","Solmedia","MEDIA",2484696.5385460504,0.09248291539890642
"CKiW2P4zngHa6fiPhMJGGhgDZm638dWotxkzgi8PsDxf","Katchu Coin","KATCHU",1732261.4075924095,0.09243875287482564
"4pb6mymm9hYQN6og9uF24eyZ2qwXCWCwGvcR1DkCgeEr","NutFlex","NUT",3225942.1200464983,0.09233412856952636
"9VLtWhS7Zope97RAJ1KBk2n8FHcNDu5QxqXWv1A3WMko","Whales Club","WHC",1172527.5948293065,0.0921538540748902
"M9i5xQz8Z2Ua3VHuBkjBSkP5HYwdetu7N9RP5VUsW4z","Chinese Beaver","BEAVER",1392830.3621254256,0.09210021244232362
"D8r8XTuCrUhLheWeGXSwC3G92RhASficV3YA7B2XWcLv","catwifbag","BAG",4417528.742455838,0.09203629532061114
"J5MopnZxBw7E3CRGC28hrKA3MXvmQ8Gwn4n9cPezKX3k","PssyMonstr","PssyMonstr",1499997.3265654247,0.09151850551059243
"HgMfSGndLq6vgLxCw4J33nJrwV2zTh81iEJNVwK9kcHD","neverSURRENDERone's","NSO",1639325.9027039008,0.09123505302659386
"FoVeWwe6H6hWEa1cQfZeNSGsGSDyKz57CZT49BusdshW","Nuncy Paloosi","Paloosi",6076582.01732493,0.09119231977560763
"36JQHwN2EgP9sKkCHn7axdpBxyLT8JUfiCnqHoy5r83R","Russia","$Russia",359105.934793124,0.09099708120280406
"9pPE1q9EW1bMQWbHmffrzUCfRr7S82UoxNUFfA6mAZC6","Keyboard Cat","KEYCAT",2468488.1996373255,0.09068931544468488
"4YK1njyeCkBuXG6phNtidJWKCbBhB659iwGkUJx98P5Z","Dolan Duck","DOLAN",2825448.813339567,0.09058293180466462
"5Q6XftteQWNc6JWAkwsJMS1FsWLJww2faCK47QRPw3pC","BullSama","BSAMA",812469.4014800785,0.09054995679809921
"HyRYjZGdLg7YKNage4rhDe8kVCQZFWiWCi7MpYzs3iig","Dungeon Relics Token","DRT",510886.7356657687,0.09012309086459684
"VvgeRQNHRHdYubKC9K2GN567LXTzSVcB7mpu7b1VF4r","BOOK OF BILLIONAIRES","BOBE",1017017.0680194995,0.08904013528141029
"ChanM2vka4gJ3ob1SejJXnxoNuoAXGGJxDMJRSLD7nzW","Solchan.org","SOLCHAN",1063559.1807461057,0.0887773667713871
"3XTp12PmKMHxB6YkejaGPUjMGBLKRGgzHWgJuVTsBCoP","Bird Dog","BIRDDOG",1146834.4508271578,0.0885577174519293
"8wXtPeU6557ETkp9WHFY1n1EcU6NxDvbAggHGsMYiHsB","GameStop","GME",47190552.99054022,0.08844149271601667
"8doS8nzmgVZEaACxALkbK5fZtw4UuoRp4Yt8NEaXfDMb","WAFFLES ","$WAFFLES ",2876380.3704727916,0.08738170026077224
"TrumptpNNBEgVjDc8bnemRTNYZKhdsst9ujNAnTSHqp","maek amuraca graet agun","maga",880804.6309503093,0.087123651916095
"ER1qkmD9doS2roAdWyZmya5bxTP93rdiaxb1T3stLy6V","BOOK OF APES","$BOPES",147946.7703976484,0.08694764745318222
"GfkfESc5A4EkxCGWsymNY4ZfkCDdvtB7ajCybLfYL1Qq","Alickshundra Occasional-Cortex","AOC",2042734.633261264,0.0868906265314319
"85vb4pd3gyVMxQ211ZBXXWQJwJ4xZPBC5AQXvnmb1HTi","DumbGayRetard","Blob",1140575.2266136995,0.08601207417884185
"754Ry9yULcPgSHcmfLSQDiihZgs7917dJUZ9513FLkg7","The Olympic Mascot","PHRYGES",1047041.96761386,0.08578614606389734
"6yjNqPzTSanBWSa6dxVEgTjePXBrZ2FoHLDQwYwEsyM6","Chudjak","Chud",4400786.735226586,0.08556131855568591
"6dEJEuFvaD8jMyotbvbMx7ixpP2frXnZCSgDexwqkE6B","Baba","$BABA",3188410.7315729116,0.08523656070023855
"2zE5rJ2ctXMz9hVbk1AvJa78X7mh3kuR728SNzGXTEeu","TAOlie Coin","TAOLIE",1314014.0866610473,0.08493112643016493
"FBkbD3nvgQmRsikG7WSB36dHRpZpsU5vNK22rRhyq919","U SELL U GAY","USUG",1173981.2080867141,0.08385630547929737
"DLUNTKRQt7CrpqSX1naHUYoBznJ9pvMP65uCeWQgYnRK","SolCard","SOLC",6113425.906076647,0.08379889332025721
"3W52uCb8NW8ruMF9mmJX3oKiYAjdPai4633srsZFQCS6","Biao Coin","$BIAO",6222439.270931368,0.08291661617328908
"F9mv7XXbrXZb1sP2JUoswbCB3WHQM4QGMFDTVfnRZMnP","France Coin","FRA",2893884.086767303,0.08289975606718392
"CzkM8bzWFdXsjtZQnz2piTxJKPtJ5mfTL8S6sNZg7n7S","Mechelle Obema","OBEMA",1748990.904364479,0.08265540036649568
"Fxgdfsy1Z5Mvh53o69s2Ev6TGxtAJ1RQ5RJ5moCpKmQZ","sealwifhat","SI",1761607.8746675835,0.08234525267981474
"F1n2Tn7Eb9jTbSQiqy2Z7G4VTbkreHGQqcRKKmwZv726","Tradfi Bro","CFA",2874526.040720407,0.08221537927066785
"6ogzHhzdrQr9Pgv6hZ2MNze7UrzBMAFyBBWUYp1Fhitx","RETARDIO","RETARDIO",20846448.05412995,0.08198798068081063
"3KroURETdWLyFReapbdh6nTWQgS7Y6rorLY8jb1pJXoM","elawn moosk","MOOSK",2890912.875397918,0.08198789202404418
"G9tt98aYSznRk7jWsfuz9FnTdokxS6Brohdo9hSmjTRB","PUFF","PUFF",1695225.6755910795,0.0817528710554775
"6EekDbuTknr9iZPskCZ7ApYMRxoD6UTiKkdEQY1SDJpf","SumoSwap","SUMO",966740.6918848371,0.08174598427370007
"A2khRbhRJNrAEHj95htivC4cR4VbJwfssDH5FPPbP4m9","duk","duk",3509504.823359151,0.08159041507212038
"AVLhahDcDQ4m4vHM4ug63oh7xc8Jtk49Dm5hoe9Sazqr","Solama","SOLAMA",18237091.753164686,0.08126909425536911
"D3rR2nKWHQ6sfKaduiNnaLX5tYs718GAZLPQq5G9QAbv","Ozzy The Owl","OZZY",145627.77820720078,0.08124221475079774
"EjmDTt8G3T725eFSV7oWmGD8J848guo3LZ1EB3RfwGSw","harold","harold",4045218.3968858393,0.08087236389394004
"oreoN2tQbHXVaZsr3pf66A48miqcBXCDJozganhEJgz","Ore","ORE",5867345.97247489,0.08029126862505895
"GgzJWhQWTpv2VHqvJnx5uEWQzNkfQSncDEWUdgQk4fvh","Jinpeng","JIN",737126.2566301659,0.08015340755243709
"3BgwJ8b7b9hHX4sgfZ2KJhv9496CoVfsMK2YePevsBRw","TEH EPIK DUCK","EPIK",11965849.46820991,0.07992900079582523
"E1kvzJNxShvvWTrudokpzuc789vRiDXfXG3duCuY6ooE","Dither","DITH",9855644.387521604,0.07927248420679264
"GvcNXdSehfNSNyhDVDj27kc459LzFqWozt9CSJywMy6r","Crodie","CRODIE",7794819.31693383,0.0790943876464914
"CuDEjiF3MG5hLXrGJe2vspVyLiV48HGZb9dvdgygQbpG","ChetGPT","CHET",632587.9876283162,0.07844648337584674
"BHcPVARUJEV3rCAmbLgRm7QPmZotsCcHcKWwzvCSAHJi","JORAM POOWEL","POOWEL",5437927.850588668,0.07840005230834723
"52DfsNknorxogkjqecCTT3Vk2pUwZ3eMnsYKVm4z3yWy","Germany ","GER",1535260.3504071617,0.07827218987745115
"8PMJczfs9W8TDKiNBD85AuqxE8tWACCDeUwxpUeadL3j","CEILING CAT","CEICAT",2552029.557453521,0.07804379563254497
"EfxTAQ1sxAtVsfoCwxECFVms6gDfmPRPZciZHm1Xobf3","Elon Pepe Token","$EPT",114883.96398208395,0.07791051833229527
"5BKTP1cWao5dhr8tkKcfPW9mWkKtuheMEAU6nih2jSX","DogWifNoHat","NoHat",12934780.218920125,0.07779166040109167
"21q61cYy2DgNS6QdxCqYpSHgXVEPBsv26gFj3MwEX1p9","Sphere Wif Hat","SPHERE",373920.6842453196,0.07732692488346736
"CFE1aoCSiN7S6n1KQ65MisscMfFbNBzkr5GFDKXfr4C","tremp vs boden","TVB24",388535.2784346555,0.07731675815347552
"6yNcxrS1Fd6Ut3c3bTuJKQLG9xzpbMZCBqTahvpeAXjk","milly","milly",615237.9589196778,0.07728645570150126
"8b1M3vKb31yeuz4s8CKtdBgGNHfZ6ALUDwkLZ319wvmY","Fortune Coin","$FOM",641637.499569312,0.07715415209299159
"HLwEJQVzs7SvjXuXpBTRHaLp5S6uWoWTUhLjJxBfy1c7","Hunter Biden's Laptop","LAPTOP",1364303.8007121957,0.07643281831360464
"Fb2DefbdjKFPfmTnq4xnuZ9xdtVyXGsEAetoFmGLZQcc","PAPA Trump","PPT",528326.8874463765,0.0757768295274444
"7bQsj9DciGXs6cTkhB3D1WbcEjuMpmD7amQRWjEVBpu","Bodega Cat","BCAT",2259476.2084269454,0.07573261565191994
"EF23Avq2cTPnMVTfHacZ3SG5Z8misHmFA2gbt2rKqiYH","elizabath whoren","whoren",2798099.8275981816,0.07556972879492593
"667w6y7eH5tQucYQXfJ2KmiuGBE8HfYnqqbjLNSw7yww","Andy","ANDY",4170925.9833882377,0.07501701493827813
"8vCAUbxejdtaxn6jnX5uaQTyTZLmXALg9u1bvFCAjtx7","ZACK MORRIS","ZACK",2769339.206279404,0.07485039575980781
"DcUoGUeNTLhhzyrcz49LE7z3MEFwca2N9uSw1xbVi1gm","K-Pop","KPOP",2524526.991414896,0.0741734898778943
"HrLx8MLKegpbmbmWePZiuvf3AbJNx1CJyjBwUHwicEgW","Nyxia Coin","NYXC",1585103.4491036164,0.07390840146885573
"BLZEEuZUBVqFhj8adcCFPJvPVCiCyVmh3hkJMrU8KuJA","Blaze","BLZE",15439638.393551357,0.07390022843116034
"FeKmTunVrXDKEoDJbuTwZi8vfFFw3MHzpPB79JD8ARYU","777FuckIlluminatiWorldwide","FIW",2999284.945285821,0.07383076746031163
"FuLH3f9TPxiLNojPBZxfaT5Rb5VFfia8hMzLo9e9c6CG","MooCat","MOOCAT",1447205.2551582851,0.0735378925704207
"HmAgiwjjP9CXqK5wQNsHKtjAt2CH3Kv8Q7xH5kGL2nqZ","Time Traveler","Barron",5629564.773458282,0.07281336241890499
"69SEPKGCzFzJLoSawb3xPfcqnZdiVm21Xu28AWZB5pzk","JizzLord","JIZZLORD",1953797.0854843652,0.07268696170321305
"9EL3CHVQS3nwUFhyVT7AGbttRsbJ5UE8Qjnw5ZAtkUhr","Smoking Giraffe ","GRAF",1372217.1872028552,0.0726467911094587
"9m21fukdvCPBgEjmeeshbskPwbaa5RH8HTHQGeTnGd2t","Panda Swap","PANDA",6785070.1945701195,0.07233863687227754
"HQ7DaoiUxzC2K1Dr7KXRHccNtXvEYgNvoUextXe8dmBh","Slothana","SLOTH",82925419.42292094,0.07215799051646417
"FYa25XnBsXQXAdTnsyKBKd5gZ1VZhChBRF57CqfRxJZX","monkeyhaircut","monk",19321766.41362864,0.07174823416829802
"Gk2kRrwNMBU4Dn9JhC1Dks8G5X9nqi4ZE5jMvK6bdgEd","PepeTrump","$PTRUMP",4876291.6484595,0.07152287339542224
"Bf6xK9vFfKqUW6844zHQz9oq689nDZqizugxT5patYBy","Lurry Pink","$BlackRock",1108839.4096869973,0.07129548042611444
"7pmuGLLYdJ2mc7chZwEJAaxuWALAYqaVqbUwzzyHcA7D","Baby Wen","BWen",795604.6324225619,0.07054231239330463
"HaP8r3ksG76PhQLTqR8FYBeNiQpejcFbQmiHbg787Ut1","MAGA (Wormhole)","TRUMP",22592134.372859582,0.06950996990534364
"ED1ReyTGiXJcWryN3XxyGJwhdTrCUtGqu52Vwcopf2Mq","Pizza Cat","PIZA",1848010.6440996146,0.06912399154118064
"GJgHsc1HU4ibmzW6oWQr8L2RRT95ATc1BoNuLkp94AwU","White Boy Summer","WBS",23584603.468978804,0.06811942206095373
"3U8cZTbq4QkT14Kvb8Rj8CxfcyQx5V2XJHicMYE7QDmQ","SHARK","SHARK",1470379.414813761,0.06808987762111667
"4sp2EUDrQf46rZun6sYAWzjrXwUpx2T3njuoKmV766RJ","HAMI","HAMI",5970416.373701129,0.06781770259401121
"BqhNdGtS1Nqtzi2MvZ7G8NN1vRuHZ12UpHGJKe71e1JT","MoonTrump","TRUMP",2368472.6368315173,0.0677930728199001
"GtDZKAqvMZMnti46ZewMiXCa4oXF4bZxwQPoKzXPFxZn","nubcat","nub",32296281.664702956,0.06729745126633746
"BSXvX9dMvedcXUvwUQ5pzYJb9G8bBXKtddQns4oAxgEo","Nelson Moondela ","$MOONDELA",2759831.046842948,0.06688481209839675
"X2h2pyb81yWFw6fFCF864F9sYYs3d7us4ZHBq2pFSnf","Christianity Coin","CHRIST",3370152.3989395173,0.06645190683661557
"71WsPPm44SUTWDfcCdLKsDezw4ZBXDrPjHz2rea7Lo97","DeFiTimeZ","DFTZ",3377662.1539511685,0.06630822514174535
"9DgMYGtyeNzGchoSJWLZsueyTYa3v9bSpkzzfRhYJKDo","coynbayse","$BAYSE",2531699.3385433,0.06617920894113127
"5yxNbU8DgYJZNi3mPD9rs4XLh9ckXrhPjJ5VCujUWg5H","Fronk","Fronk",968047.2049343026,0.06607184506493652
"BGyjasmSzYM9hHiZ1LBU4EJ7KCtRjMSpbN4zTru3W5vf","Orbitt Token","ORBT",2518921.0550826313,0.06385045731908522
"A3tCD8Q1yjdy3gRDJ4LFzpECnafW3sHNa3dJKHesG9Xf","Internal Retard Service","IRS",1598366.6740898436,0.06384627690559108
"2qWRRwrK9VGBKtJwfoN8Nn6ivCTTwDf4trkUBkE2inEn","Avocado","AVO",121010.16755620047,0.06378028655571497
"8EHC2gfTLDb2eGQfjm17mVNLWPGRc9YVD75bepZ2nZJa","dicki","$dicki",3983217.40334435,0.06351367414955973
"8CkiSHHJDHJV4LUoiRMLUhqG58cUkbyJRtcP4Z3mCXNf","POWSCHE","POWSCHE",2620731.511466007,0.06289360787049016
"VP9UaBXLM4KYRvyjisu65rz8BU5xNAbewU7LVmyU2x4","Vibing Cat","VCAT",5292611.188637688,0.06287340114492791
"Dkm51nnSbJeet5fCVKgCCMiXGveLH2k6scGVh5DNTxQN","Pomcoin","POM",2370981.878643994,0.0627501938462094
"Adq3wnAvtaXBNfy63xGV1YNkDiPKadDT469xF9uZPrqE","What in Tarnation?","WIT",6451244.62832915,0.06267713601492152
"GLiB37nqnPDghvVHFS9CJ21c5BDUQxSJS3BXBWduVoPm","Chedda","Chedda",2624172.4288173346,0.06265972988186186
"GUACAwFcHeHgN6FWhcw5Uwt8r9YHF1x66NWkW8fLT2e6","Solana Power Boost","GUACA",22448589.308814444,0.062378813750182636
"BMt3pq4g8ggWWBnd6DJ1jhVyTkHfWjAfJwWW6sRCbQJv","BUBBA","BUBBA",1929343.234436063,0.061910536841750755
"8EpGs3aAfyQABAtdM1Y9G6CjXFHrpJ1GVuxqemuaTnxv","MONKI","MONKI",2593269.019515254,0.06151438121351225
"2xP43MawHfU7pwPUmvkc6AUWg4GX8xPQLTGMkSZfCEJT","Shinobi ","NINJA",8255048.613365749,0.06112834270714761
"98ZmjtNLjTr1yih6D7fdFm8ViU1jEYDcBU1wjc2k9imV","Doge for President","VOTEDOGE",684772.7181847022,0.06106217533868715
"7x4FgiFfeqzs1tiUNvJzpt47GtLXAJ8Jfn8G1Hyyu6JH","Smilek","SMILEK",14399238.388256626,0.059936319973783785
"9X2RHtKrBzw3SLYe9E88cBd1kz5RfU1f4JTSn4aRH43d","Success Kid","SKID",4063116.0797716524,0.059866215984570335
"A3eME5CetyZPBoWbRUwY3tSe25S6tb18ba9ZPbWk9eFJ","Peng","PENG",21566354.505789034,0.059196608719007074
"9dLuVbJMd4ZpTpFgmaFHAGSsFwVjtcnzFWaLAA1expHg","HeeeHeee","HEEHEE",6308084.292774211,0.05895260873509647
"kiraZUmSnzgfVfhrdvNj6hxHFaPFTTUk8ioY98cbh6G","KIRA","KIRA",3425925.2661546515,0.058883095766844515
"dekNoN3D8mXa4JHLwTbVXz8aPAyJUkk443UjcSpJKi4","peanie","peanie",13667986.1579394,0.058046356368892854
"5Wd2ALxQfnpgQKCyH4WL9giBiiuuLuJs84CJxfQccvmN","real fast","speed",12322582.71561528,0.05775896373170309
"6D7NaB2xsLd7cauWu1wKk6KBsJohJmP2qZH9GEfVi5Ui","Shark Cat","SC",74646307.10749947,0.05742984066362429
"4UuGQgkD3rSeoXatXRWwRfRd21G87d5LiCfkVzNNv1Tt","Solareum","XSB",130909.52180670189,0.056847031106185164
"5oVNBeEEQvYi1cX3ir8Dx5n1P7pdxydbGF2X4TxVusJm","Infinity","INF",375421030.3674134,0.05674343585103568
"25p2BoNp6qrJH5As6ek6H7Ei495oSkyZd3tGb97sqFmH","SolBastard","soba",3271080.9269770226,0.056619011808057
"FZzFpbBmFkoCGabqRj6hssTxbVxdeoEVT8RoKnXfdwGx","Cucci","Coochie",3940396.3846437256,0.054916543522152146
"E6Eg7Esj5tfSwkbDGdrzhrotqptv7ghJNarLZ9rbHDSG","SHARE","SHARE",1916174.4657068553,0.054773909890805425
"3rVbazmxXMf5FcgXDd48tWWckyeAU64SF5YkvpPFBDZ9","LETSPLAY","GAME",107699.93032886111,0.05476845251900834
"9SiKU8vnRiBYQSBff84K5zwG7habzwYVzn7KrtgCzNfg","Pedro the Raccoon","PEDRO",7483310.1427037865,0.054167801254335735
"BqVHWpwUDgMik5gbTciFfozadpE2oZth5bxCDrgbDt52","Only Possible On Solana","OPOS",812493.2130205599,0.0540576990812259
"7DbNpyuYK5H17h51712SdnX1CFh2CXt3x4H6jDiQTsSW","Sixpack","SIXPACK",2002815.4484029957,0.0539699607666526
"G65cADQtt9fZMyuU5vZxCZoimNGQENxE1112C8e4wUeM","Ladybug","LADY",1452418.8020832655,0.05318637832083267
"ENoD8J2J6wNHkcJkvVBkwq5JMiR1oNBfBZRkoHCQogyT","Abble","AABL",11645304.019943722,0.05276135806613372
"2JcXacFwt9mVAwBQ5nZkYwCyXQkRcdsYrDXn6hj22SbP","mini","mini",21953782.219268505,0.052462894135436505
"Bg9CZr1CmVoCn2uNWwj9f5rLbmfYRYvcVikCRCwawUwR","ruburt f kenidy jr","kenidy",2522450.56284763,0.05238686824167073
"NKswK1z9c9fN7GushfchrRjPEU7oSLnVzvodNY4jzaQ","firecat","$FCAT",158936.11896030136,0.051270001176161026
"9hjZ8UTNrNWt3YUTHVpvzdQjNbp64NbKSDsbLqKR6BZc","URANUS","ANUS",6406625.581956585,0.05120476540650348
"3WPep4ufaToK1aS5s8BL9inzeUrt4DYaQCiic6ZkkC1U","Giko Cat","GIKO",9124268.681561856,0.05093697041936814
"WENWENvqqNya429ubCdR81ZmD69brwQaaBYY6p3LCpk","Wen","WEN",140249903.2415525,0.05046887923633473
"AUwugnCh1tFc5scRHLNqnHjfcRbHRsq7yrKFUe7Ysmgs","CZOL","CZOL",6023655.337131744,0.05031669078656245
"BvqHcuGMDDuyTfrMLGef9E7UhfEbmBkhxEVnnADwuGJP","PUSSCAT","PUSS",7347462.494873502,0.05013112877509833
"2ubuHGFS4VJVxSEpvV3kDwz6JiuXdaAoGMwrwYC87tp8","MILKBAG","MILKBAG",2869559.681529746,0.04994594716252583
"7njsg9BA1xvXX9DNpe5fERHK4zb7MbCHKZ6zsx5k3adr","Family","FAM",3756503.2118261196,0.04960487257381697
"C1kzNkFfgdtP8VF1pFYA4S32RLPqk5KPaurCaQJwxfWb","MUZKI","MUZKI",9039160.189887566,0.0490102715842873
"FU1q8vJpZNUrmqsciSjp8bAKKidGsLmouB8CBdf8TKQv","doland tremp","tremp",96110511.0046803,0.04852963407751008
"3rWUivXsgzqmgijmShk2bsRTHBaWSLe4CQaY2xsP8hQ9","Puss Cat","PUCA",641042.7331575728,0.04777558849625581
"Basis9oJw9j8cw53oMV7iqsgo6ihi9ALw4QR31rcjUJa","basis","BASIS",4413585.707439478,0.04762661738762356
"EATGZHJViJsk7nEKkrdJicwNbfpkJfAtmrEmrjXR8NBj","PopDog","POPDOG",4416703.103605866,0.04714201498779273
"5ehyB4C2RTHNvuMJ4yQsMXfRJDcmdmvKx4RUEWkcXtTj","PledgeCoin","PLEDGE",238229.05025687438,0.04707193765367764
"CVRwdbkwSube1ifeNLFDdZSTmVEnLcyDuKXTdaZX1ua5","One Punch Man","SAITAMA",1665098.570104413,0.04650976027961198
"8m9fjYycXAFva1kScttQgsESVZT7yELhjZASqfHBuMa5","alux jownes","JOWNES",5045197.521441253,0.04647266083251933
"Fch1oixTPri8zxBnmdCEADoJW2toyFHxqDZacQkwdvSP","HARAMBE","HARAMBE",47261251.73876536,0.04641799057810274
"H4TUcYA6q1PGd8rP5ZGgRMKwVRqodXQf1pgWG1uXXVGV","Jon Brrr","$BRRR",291507.9850223458,0.04619280348510547
"AYABiqKuTh9Va5Aqc6AujFevHwDGmECGQiFmKW5g3K4Z","Nobiko Coin","LONG",4825478.888434758,0.04611594411208961
"Av6qVigkb7USQyPXJkUvAEm4f599WTRvd75PUWBA9eNm","Costco Hot Dog","COST",52728151.50536055,0.045531913810549565
"aBvs3Zv9JYmvUCKqRJvGctDQSCt6R7NAMELid3FeqsQ","happi cat","HAPPI",5043314.571807035,0.04484632497371311
"4neSyzJmcSWQF58DKHdo7FNzJDDKSgaaQqrzuSXS5U6g","BROKIEINU","BROKIE",1783768.721522344,0.04474677174903492
"hoodQEmiTDr1LNSRxwnGzqQSYEJsvQkr2e2jZ3viDLo","Hoodie Cat","HOODIE",1747363.5799000817,0.043727569010689915
"63YHRbiizNRxKhQwDhF1aoBxXUSt19QpMNzpjEMJVxwT","DROGON COIN","DROGON",455278.0490292328,0.043492089206705664
"HLptm5e6rTgh4EKgDpYFrnRHbjpkMyVdEeREEa2G7rf9","Duko","DUKO",16212406.967267575,0.043144254405032924
"EtkK31qqCbSjyfzrGMpp9z4agHCjC9B8vPAPs2K1GgE3","Camel","AOZ",1244001.9217929144,0.04133475010714719
"2JMnofi8PYFMdWHeBaA2W8oK4sKfTNzBNUWwT7h4JsWf","Boeing Wif Hole","BOEING",137149.63601166048,0.04107431025803386
"SHDWyBxihqiCj6YekG2GUr7wqKLeLAMK1gHZck9pL6y","Shadow Token","SHDW",102701707.11211884,0.04106460547613206
"AMjzRn1TBQwQfNAjHFeBb7uGbbqbJB7FzXAnGgdFPk6K","SolCex ","SOLCEX",15588782.320490908,0.040934890173565726
"947tEoG318GUmyjVYhraNRvWpMX7fpBTDQFBoJvSkSG3","Solchat","CHAT",47696406.06782914,0.04044688407830836
"BMEaEaBvbd4bv7z9AXwTUMXeb1NDUJQg5oFt16obGcyd","KebabKat","KKAT",3155614.5865354417,0.03973038037605178
"FsA54yL49WKs7rWoGv9sUcbSGWCWV756jTD349e6H2yW","KOALA AI","KOKO",8174729.532720073,0.03804650481668251
"5LafQUrVco6o7KMz42eqVEJ9LW31StPyGjeeu5sKoMtA","Mumu the Bull","MUMU",24654630.809636947,0.037914889088259
"AdfrN2rK9dJmd4E9vwkf2ThpBxKFfT1o31gXSPpupYtT","TimePocket","TimePocket",5590304.048908756,0.037876606985820516
"CUsEVhFGfjr2wwqjQFd7LrowYy6UhXY2HfAppUzTsihN","Hump","HUMP",59988358.29745774,0.037624003099284216
"3arsuQhxCv6cmaXbodGKGvgqf8bTWbsrmGjAM5NysYWV","Epstein didn't kill himself","JEFFREY",150798.24027036168,0.0371667235020647
"FjSA83UVncfCpikoXQYxUheRur5x1DTntyurZ4aNXE86","Free Palestoon","STOON",278890.6970969642,0.036648050102337494
"5Rs53fY3q4t4mLk9zBQ45cVNgF1RH7NqRNXiP6Pa5rYH","Donkey King","doky",2384891.131946426,0.036165382874214926
"AKnVuXuELux5Aesfir364PTTudSR9QeB3fGBFU6kgR7Q","Pelos Inu","PELOS",544218.7473293624,0.035698521098222316
"26KMQVgDUoB6rEfnJ51yAABWWJND8uMtpnQgsHQ64Udr","SAD HAMSTER","HAMMY",58335841.021320574,0.0350968509585484
"FjtwiPH9gyffNX7mdE2ZS4s8hZRfZB2VRzyaKMNpaakS","NAZA","NAZA",7066969.75065506,0.03448335356680951
"FvER7SsvY5GqAMawf7Qfb5MnUUmDdbPNPg4nCa4zHoLw","The First Youtube Cat","PAJAMAS",25104131.072687756,0.03432755801969588
"CNVmnTuDhbXiF7ho5s4qvWi9KLXUQxfDY9h73eKXWrCk","PEPE Jump","PEPEJUMP",225834.7661243143,0.033880109681310916
"PUPS8ZgJ5po4UmNDfqtDMCPP6M1KP3EEzG9Zufcwzrg","PUPS","PUPS",46882067.24886455,0.03290552459116496
"59u8qAD2S2gEtsY5Vs7dJ95YspnHavyHEtRfzCEb9F7G","Sonic The Goat","GOAT",20679721.67670535,0.03256918544958216
"GwAh4WnoUyt4WNheL2w6uHbcnuMu1dasHmCjUAqc3p4k","OH duck ","OHDUCK",197310.8762185537,0.030742099240167735
"5z3EqYQo9HiCEs3R84RCDMu2n7anpDMxRhdK8PSWmrRC","PONKE","PONKE",151535302.7711128,0.03044000953064091
"5mbK36SZ7J19An8jFochhQS4of8g6BwUjbeCSxBSoWdp","michi","$michi",265837381.37460178,0.030357442173133874
"AsEZXgQ7PWGdrfnQBPSxndL92iJ9TS7HUEv4gAEfP8Bf","SLF","SLF",10554114.96829082,0.029793070147829167
"5SR4TDpnxoCVbj8LWr8LCHWCERhGafWnBsiMwaX3JRYF","Gorilla Pup","GP",931238.204337061,0.029467547942574113
"69kdRLyP5DTRkpHraaSZAQbWmAwzF9guKjZfzMXzcbAs","American Coin","USA",67192858.76396383,0.029210434916730078
"Ee1pKgTQmP5xjYQs76HmRM2c2YkqEdc9tk5mQbiGFigT","Mad Bears Club","MBC",374327.40131940116,0.028354267202279904
"9WPTUkh8fKuCnepRWoPYLH3aK9gSjPHFDenBq2X1Czdp","SelfieDogCoin","SELFIE",29720651.04813244,0.028343658686758574
"3psH1Mj1f7yUfaD5gh6Zj7epE8hhrMkMETgv5TshQA4o","jeo boden","boden",287962024.8412457,0.02831651663494311
"6dKCoWjpj5MFU5gWDEFdpUUeBasBLK3wLEwhUzQPAa1e","Chintai","CHEX",24890277.921326004,0.028274391256128645
"7GCihgDB8fe6KNjn2MYtkzZcRjQy3t9GHdC8uHYmW2hr","POPCAT","POPCAT",433821179.20940167,0.028048386840952413
"9sjyR4GrozeV8a9xM3ykKPGPXJYASy9AuufzefCyaCnP","GOLAZO","GOL",42394687.52028761,0.026528866319457476
"5hmf8Jt9puwoqiFQTb3vr22732ZTKYRLRw9Vo7tN3rcz","Baby","BABY",38576406.1508147,0.02631496186748313
"63LfDmNb3MQ8mw9MtZ2To9bEA2M71kZUUGq5tiJxcqj9","GIGACHAD","GIGA",38980489.09563284,0.02594156119646023
"F21VZVpKWCqfsqaQzUp3evkmzd4MM8Q9uTyKcAuRwTVa","CITI Fediverse","CITI",120286.88610663424,0.025802041382203288
"7jmaTFBooHkaSrBJDftu3LcK85KPtqWTCaFZCDxQV7ZW","Boomers on Sol","BOOMER",17313333.0332004,0.025336156847625187
"9EYScpiysGnEimnQPzazr7Jn9GVfxFYzgTEj85hV9L6U","tooker kurlson","tooker",64308420.88118762,0.022643645508289234
"JAKBxQa2K7FzXxtCr9Vsa3GqUXSViTWDcL4JMT72ihqA","Green Candle","GREEN",241520.9974310801,0.021849484685569867
"3TWgDvYBL2YPET2LxnWAwsMeoA8aL4DutNuwat2pKCjC","Kitten Haimer","KHAI",51388642.87697403,0.021068596329799207
"7XtieejVbaPhNTFebNA1Xqj7N8u1KmtKkEUXGRaHWWCy","All Knowing Magic 8 Ball","8BALL",309844.43452583044,0.020843190726096097